<?xml version="1.0" encoding="UTF-8"?>
<beans xmlns="http://www.springframework.org/schema/beans"
       xmlns:xsi="http://www.w3.org/2001/XMLSchema-instance"
       xmlns:context="http://www.springframework.org/schema/context"
       xmlns:tx="http://www.springframework.org/schema/tx"

       xsi:schemaLocation="http://www.springframework.org/schema/beans http://www.springframework.org/schema/beans/spring-beans-3.2.xsd
          http://www.springframework.org/schema/context http://www.springframework.org/schema/context/spring-context-3.2.xsd
          http://www.springframework.org/schema/tx http://www.springframework.org/schema/tx/spring-tx-3.2.xsd">
	
	<bean id="ConnectionPool"
			class="com.epam.testapp.database.connection.ConnectionPool"
			destroy-method="closeConnections">
			<constructor-arg index="0" value="admin" />
			<constructor-arg index="1" value="root" />
			<constructor-arg index="2" value="jdbc:oracle:thin:@//localhost:1521/xe" />
			<constructor-arg index="3" value="10" />
			<constructor-arg index="4" value="oracle.jdbc.driver.OracleDriver" />
			<constructor-arg index="5" value="UTF-8" />
			<constructor-arg index="6" value="true" />
	</bean>
	
	<bean id="newsDao"
			class="com.epam.testapp.database.dao.NewsDao">
		<property name="connectionPool" ref="ConnectionPool"></property>
	</bean>
	
	<bean name="/ModuleAction"
			class="com.epam.testapp.presentation.action.NewsAction">
			<property name="dao" ref="newsDao"/>
	</bean>
</beans>