<!DOCTYPE tiles-definitions PUBLIC
"-//Apache Software Foundation//DTD Tiles Configuration 1.3//EN"
"http://struts.apache.org/dtds/tiles-config_1_3.dtd">
<tiles-definitions>

	<definition name="/common_def" path="/layouts/layout.jsp">
		<put name="header" value="/tiles/header_tile.jsp"/>
		<put name="menu" value="/tiles/menu_tile.jsp"/>
		<put name="body" value="/tiles/news_list_body_tile.jsp"/>
		<put name="footer" value="/tiles/footer_tile.jsp"/>
	</definition>
	<definition name="/news_list_def" extends="/common_def">
	</definition>
	<definition name="/news_view_def" extends="/common_def">
		<put name="body" value="/tiles/news_view_body_tile.jsp"/>
	</definition>
	<definition name="/news_edit_def" extends="/common_def">
		<put name="body" value="/tiles/news_edit_body_tile.jsp"/>
	</definition>
	<definition name="/error_def" extends="/common_def">
		<put name="body" value="/tiles/error_body_tile.jsp"/>
	</definition>
</tiles-definitions>