<!DOCTYPE form-validation PUBLIC
        "-//Apache Software Foundation//DTD Commons Validator Rules Configuration 1.3.0//EN"
        "http://jakarta.apache.org/commons/dtds/validator_1_3_0.dtd">

<form-validation>

    <global>

        <validator name="required"
                   classname="org.apache.struts.validator.FieldChecks"
                   method="validateRequired"
                   methodParams="java.lang.Object,
                       org.apache.commons.validator.ValidatorAction,
                       org.apache.commons.validator.Field,
                       org.apache.struts.action.ActionMessages,
                       org.apache.commons.validator.Validator,
                       javax.servlet.http.HttpServletRequest"
                   msg="errors.required"/>

        <validator name="requiredif"
                   classname="org.apache.struts.validator.FieldChecks"
                   method="validateRequiredIf"
                   methodParams="java.lang.Object,
                               org.apache.commons.validator.ValidatorAction,
                               org.apache.commons.validator.Field,
                               org.apache.struts.action.ActionMessages,
                               org.apache.commons.validator.Validator,
                               javax.servlet.http.HttpServletRequest"
                   msg="errors.required"/>

        <validator name="validwhen"
                   msg="errors.required"
                   classname="org.apache.struts.validator.validwhen.ValidWhen"
                   method="validateValidWhen"
                   methodParams="java.lang.Object,
                       org.apache.commons.validator.ValidatorAction,
                       org.apache.commons.validator.Field,
                       org.apache.struts.action.ActionMessages,
                       org.apache.commons.validator.Validator,
                       javax.servlet.http.HttpServletRequest"/>


        <validator name="minlength"
                   classname="org.apache.struts.validator.FieldChecks"
                   method="validateMinLength"
                   methodParams="java.lang.Object,
                       org.apache.commons.validator.ValidatorAction,
                       org.apache.commons.validator.Field,
                       org.apache.struts.action.ActionMessages,
                       org.apache.commons.validator.Validator,
                       javax.servlet.http.HttpServletRequest"
                   depends=""
                   msg="errors.minlength"
                   jsFunction="org.apache.commons.validator.javascript.validateMinLength"/>


        <validator name="maxlength"
                   classname="org.apache.struts.validator.FieldChecks"
                   method="validateMaxLength"
                   methodParams="java.lang.Object,
                       org.apache.commons.validator.ValidatorAction,
                       org.apache.commons.validator.Field,
                       org.apache.struts.action.ActionMessages,
                       org.apache.commons.validator.Validator,
                       javax.servlet.http.HttpServletRequest"
                   depends=""
                   msg="errors.maxlength"
                   jsFunction="org.apache.commons.validator.javascript.validateMaxLength"/>


        <validator name="mask"
                   classname="org.apache.struts.validator.FieldChecks"
                   method="validateMask"
                   methodParams="java.lang.Object,
                       org.apache.commons.validator.ValidatorAction,
                       org.apache.commons.validator.Field,
                       org.apache.struts.action.ActionMessages,
                       org.apache.commons.validator.Validator,
                       javax.servlet.http.HttpServletRequest"
                   depends=""
                   msg="errors.invalid"/>
    </global>

</form-validation>
