<?xml version="1.0" encoding="UTF-8"?>
<faces-config
    xmlns="http://java.sun.com/xml/ns/javaee"
    xmlns:xsi="http://www.w3.org/2001/XMLSchema-instance"
    xsi:schemaLocation="http://java.sun.com/xml/ns/javaee 
    http://java.sun.com/xml/ns/javaee/web-facesconfig_2_0.xsd"
    version="2.0">
     <application>
     	   <locale-config>
     	        <default-locale>en_US</default-locale>
     	   </locale-config>
<!--      	   <el-resolver> -->
<!--      	   		org.springframework.web.jsf.el.SpringBeanFacesELResolver -->
<!--      	   </el-resolver> -->
	   <resource-bundle>
		<base-name>text</base-name>
		<var>msg</var>
	   </resource-bundle>
     </application>
</faces-config>